{"cameraMode":{"drawMode":0,"name":"Shaded","section":"Shading Mode"},"sceneLighting":true,"audioPlay":false,"sceneViewState":{"showFog":true,"showMaterialUpdate":false,"showSkybox":true,"showFlares":true,"showImageEffects":true,"showParticleSystems":true},"in2DMode":false,"pivot":{"x":-1.132957935333252,"y":-3.067164182662964,"z":34.6949348449707},"rotation":{"x":-0.06773336231708527,"y":0.02752884104847908,"z":-0.0018702835077419878,"w":-0.9973218441009522},"size":37.50413131713867,"orthographic":false}