{"cameraMode":{"drawMode":0,"name":"Shaded","section":"Shading Mode"},"sceneLighting":true,"audioPlay":false,"sceneViewState":{"showFog":true,"showMaterialUpdate":false,"showSkybox":true,"showFlares":true,"showImageEffects":true,"showParticleSystems":true},"in2DMode":false,"pivot":{"x":111.70124053955078,"y":77.97474670410156,"z":21.19845199584961},"rotation":{"x":0.04088360071182251,"y":-0.6203052401542664,"z":-0.032401662319898608,"w":-0.7826354503631592},"size":36.13421630859375,"orthographic":false}