{"cameraMode":{"drawMode":0,"name":"Shaded","section":"Shading Mode"},"sceneLighting":true,"audioPlay":false,"sceneViewState":{"showFog":true,"showMaterialUpdate":false,"showSkybox":true,"showFlares":true,"showImageEffects":true,"showParticleSystems":true},"in2DMode":false,"pivot":{"x":78.3919906616211,"y":73.41596984863281,"z":20.070009231567384},"rotation":{"x":0.04545801877975464,"y":0.4514935612678528,"z":0.02379186451435089,"w":-0.8912680149078369},"size":0.9114837050437927,"orthographic":false}