{"cameraMode":{"drawMode":0,"name":"Shaded","section":"Shading Mode"},"sceneLighting":true,"audioPlay":false,"sceneViewState":{"showFog":true,"showMaterialUpdate":false,"showSkybox":true,"showFlares":true,"showImageEffects":true,"showParticleSystems":true},"in2DMode":false,"pivot":{"x":78.18730926513672,"y":69.81642150878906,"z":10.72642993927002},"rotation":{"x":-0.25178956985473635,"y":0.16247203946113587,"z":-0.041720010340213779,"w":-0.9534380435943604},"size":12.961322784423829,"orthographic":false}