{"cameraMode":{"drawMode":0,"name":"Shaded","section":"Shading Mode"},"sceneLighting":true,"audioPlay":false,"sceneViewState":{"showFog":true,"showMaterialUpdate":false,"showSkybox":true,"showFlares":true,"showImageEffects":true,"showParticleSystems":true},"in2DMode":false,"pivot":{"x":76.21627807617188,"y":66.15327453613281,"z":45.1553955078125},"rotation":{"x":-0.0898340716958046,"y":0.039006032049655917,"z":-0.0034145128447562458,"w":-0.9953229427337647},"size":45.60100555419922,"orthographic":false}