{"cameraMode":{"drawMode":0,"name":"Shaded","section":"Shading Mode"},"sceneLighting":true,"audioPlay":false,"sceneViewState":{"showFog":true,"showMaterialUpdate":false,"showSkybox":true,"showFlares":true,"showImageEffects":true,"showParticleSystems":true},"in2DMode":false,"pivot":{"x":71.92784881591797,"y":77.59242248535156,"z":17.562143325805665},"rotation":{"x":0.2872740924358368,"y":0.6371451020240784,"z":-0.27906692028045657,"w":0.6591047644615173},"size":8.636088371276856,"orthographic":false}