{"cameraMode":{"drawMode":0,"name":"Shaded","section":"Shading Mode"},"sceneLighting":true,"audioPlay":false,"sceneViewState":{"showFog":true,"showMaterialUpdate":false,"showSkybox":true,"showFlares":true,"showImageEffects":true,"showParticleSystems":true},"in2DMode":false,"pivot":{"x":66.09932708740235,"y":76.85006713867188,"z":28.70750617980957},"rotation":{"x":0.16924676299095155,"y":0.7372602224349976,"z":-0.20177309215068818,"w":0.6227567791938782},"size":5.411484241485596,"orthographic":false}