{"cameraMode":{"drawMode":0,"name":"Shaded","section":"Shading Mode"},"sceneLighting":true,"audioPlay":false,"sceneViewState":{"showFog":true,"showMaterialUpdate":false,"showSkybox":true,"showFlares":true,"showImageEffects":true,"showParticleSystems":true},"in2DMode":false,"pivot":{"x":67.44537353515625,"y":65.3309097290039,"z":37.827110290527347},"rotation":{"x":-0.1160358414053917,"y":0.08559094369411469,"z":-0.009920759126543999,"w":-0.9896367788314819},"size":45.60100555419922,"orthographic":false}