{"cameraMode":{"drawMode":0,"name":"Shaded","section":"Shading Mode"},"sceneLighting":true,"audioPlay":false,"sceneViewState":{"showFog":true,"showMaterialUpdate":false,"showSkybox":true,"showFlares":true,"showImageEffects":true,"showParticleSystems":true},"in2DMode":false,"pivot":{"x":81.11699676513672,"y":73.51000213623047,"z":5.3979997634887699},"rotation":{"x":0.03685442730784416,"y":0.5442253351211548,"z":-0.02532247267663479,"w":0.8381832242012024},"size":0.4739301800727844,"orthographic":false}